<?xml version="1.0" encoding="UTF-8"?><rss version="2.0"
	xmlns:content="http://purl.org/rss/1.0/modules/content/"
	xmlns:wfw="http://wellformedweb.org/CommentAPI/"
	xmlns:dc="http://purl.org/dc/elements/1.1/"
	xmlns:atom="http://www.w3.org/2005/Atom"
	xmlns:sy="http://purl.org/rss/1.0/modules/syndication/"
	xmlns:slash="http://purl.org/rss/1.0/modules/slash/"
	>

<channel>
	<title></title>
	<atom:link href="https://661eb60881320751a53beb44--loquacious-capybara-fef943.netlify.app/feed/" rel="self" type="application/rss+xml" />
	<link>https://661eb60881320751a53beb44--loquacious-capybara-fef943.netlify.app</link>
	<description></description>
	<lastBuildDate>Mon, 08 Apr 2024 17:24:28 +0000</lastBuildDate>
	<language>pt-BR</language>
	<sy:updatePeriod>
	hourly	</sy:updatePeriod>
	<sy:updateFrequency>
	1	</sy:updateFrequency>
	<generator>https://wordpress.org/?v=6.5.2</generator>
        <wp_options>
            <wp_option>
                <name>
                    shopengine_activated_templates                </name>
                <val>
                    a:0:{}                </val>
            </wp_option>
        </wp_options>
        	<item>
		<title>Olá, mundo!</title>
		<link>https://661eb60881320751a53beb44--loquacious-capybara-fef943.netlify.app/2024/04/08/ola-mundo/</link>
					<comments>https://661eb60881320751a53beb44--loquacious-capybara-fef943.netlify.app/2024/04/08/ola-mundo/#comments</comments>
		
		<dc:creator><![CDATA[henrique]]></dc:creator>
		<pubDate>Mon, 08 Apr 2024 17:24:28 +0000</pubDate>
				<category><![CDATA[Sem categoria]]></category>
		<guid isPermaLink="false">https://661eb60881320751a53beb44--loquacious-capybara-fef943.netlify.app/?p=1</guid>

					<description><![CDATA[Boas-vindas ao WordPress. Esse é o seu primeiro post. Edite-o ou exclua-o, e então comece a escrever!]]></description>
										<content:encoded><![CDATA[
<p>Boas-vindas ao WordPress. Esse é o seu primeiro post. Edite-o ou exclua-o, e então comece a escrever!</p>
]]></content:encoded>
					
					<wfw:commentRss>https://661eb60881320751a53beb44--loquacious-capybara-fef943.netlify.app/2024/04/08/ola-mundo/feed/</wfw:commentRss>
			<slash:comments>1</slash:comments>
		
		
			</item>
	</channel>
</rss>
